<?xml version="1.0"?>
<schema xmlns:xsi="http://www.w3.org/2001/XMLSchema-instance"
    xsi:noNamespaceSchemaLocation="urn:magento:framework:Setup/Declaration/Schema/etc/schema.xsd">
    <table name="bv_uigrid_custom" resource="default" engine="innodb" comment="Custom Table">
        <column xsi:type="int" name="id" padding="10" unsigned="true" nullable="false" identity="true"
            comment="ID"/>
        <column xsi:type="varchar" name="author_name" nullable="true" length="255" comment="Author Name"/>
        <column xsi:type="varchar" name="image" nullable="true" length="255" comment="Image"/>
        <column xsi:type="smallint" name="attributes" nullable="true" comment="Attributes"/>
        <constraint xsi:type="primary" referenceId="PRIMARY">
            <column name="id"/>
        </constraint>
    </table>
</schema>
