<?xml version="1.0" encoding="UTF-8"?>
<schema xmlns:xsi="http://www.w3.org/2001/XMLSchema-instance" xsi:noNamespaceSchemaLocation="urn:magento:framework:Setup/Declaration/Schema/etc/schema.xsd">
    <table name="Brainvire_faq" resource="default" engine="innodb" comment="Brainvire FAQ">
        <column xsi:type="smallint" name="id" padding="7" unsigned="false" nullable="false" identity="true" comment="ID" />
        <column xsi:type="varchar" name="question" nullable="false" comment="Question" />
        <column xsi:type="mediumtext" name="answer" nullable="false" comment="Answer" />
        <constraint xsi:type="primary" referenceId="PRIMARY">
            <column name="id" />
        </constraint>
    </table>
</schema>
