<?xml version="1.0"?>
<schema xmlns:xsi="http://www.w3.org/2001/XMLSchema-instance"
        xsi:noNamespaceSchemaLocation="urn:magento:framework:Setup/Declaration/Schema/etc/schema.xsd">
    <table name="brainvire_frontform" resource="default" engine="innodb" comment="Personal Details Table">
        <column xsi:type="int" name="entity_id" padding="10" unsigned="true" nullable="false" identity="true" comment="Entity ID"/>
        <column xsi:type="varchar" name="name" nullable="false" length="255" comment="Name"/>
        <column xsi:type="varchar" name="email" nullable="false" length="255" comment="Email"/>
        <column xsi:type="varchar" name="phone_number" nullable="false" length="20" comment="Phone Number"/>
        <!-- Add more columns as needed for additional personal details -->

        <constraint xsi:type="primary" referenceId="PRIMARY">
            <column name="entity_id"/>
        </constraint>
    </table>
</schema>
