<config xmlns:xsi="http://www.w3.org/2001/XMLSchema-instance" xsi:noNamespaceSchemaLocation="../../../../../lib/internal/Magento/Framework/ObjectManager/etc/config.xsd">
    <type name="Magento\Framework\View\Element\UiComponent\DataProvider\CollectionFactory">
        <arguments>
            <argument name="collections" xsi:type="array">
                <!-- Data Source will be mentioned in listing xml -->
                <item name="sample_listing_data_source" xsi:type="string">Brainvire\SampleGrid\Model\ResourceModel\Custom\Grid\Collection</item>
            </argument>
        </arguments>
    </type>
    <virtualType name="Brainvire\SampleGrid\Model\ResourceModel\Custom\Grid\Collection" type="Magento\Framework\View\Element\UiComponent\DataProvider\SearchResult">
        <arguments>
            <!-- Table name to insert data and listing data -->
            <argument name="mainTable" xsi:type="string">bv_uigrid_custom</argument>
            <!-- Resource model name -->
            <argument name="resourceModel" xsi:type="string">Brainvire\SampleGrid\Model\ResourceModel\Custom\Collection</argument>
        </arguments>
    </virtualType>
</config>