<?xml version="1.0" encoding="UTF-8"?>

<schema xmlns:xsi="http://www.w3.org/2001/XMLSchema-instance" xsi:noNamespaceSchemaLocation="urn:magento:framework:Setup/Declaration/Schema/etc/schema.xsd">

    <table name="brainvire_projects" resource="default" engine="innodb" comment="Brainvire_Projects">
      <column xsi:type="int" name="entity_id" padding="7" unsigned="false" nullable="false" identity="true" comment="ENTITY ID" />
      <column xsi:type="varchar" name="name" nullable="false"  comment="Name" length="20"/>
      <column xsi:type="text" name="description" nullable="false" comment="Description" />
      <column xsi:type="int" name="customer_id" nullable="false"  comment="Customer ID" />
      <column xsi:type="smallint" name="status" nullable="false"  comment="Status" />
      <column xsi:type="timestamp" name="created_at" nullable="false" comment="Created At" />
      <column xsi:type="timestamp" name="updated_at" nullable="false" comment="Updated At" />

      <constraint xsi:type="primary" referenceId="BV_PROJECTS_PRIMARY_GRID_ID">
         <column name="entity_id" />
      </constraint>
   </table> 
   </schema>