<?xml version="1.0" encoding="UTF-8"?>
<schema xmlns:xsi="http://www.w3.org/2001/XMLSchema-instance" xsi:noNamespaceSchemaLocation="urn:magento:framework:Setup/Declaration/Schema/etc/schema.xsd">
    <table name="bv_uigrid_custom" resource="default" engine="innodb" comment="magento table1">
        <column xsi:type="smallint" name="id" padding="7" unsigned="false" nullable="false" identity="true" comment="ID" />
        <column xsi:type="varchar" name="author_name" nullable="false" length="255"/>
        <column xsi:type="varchar" name="image" nullable="false" length="255"/>
        <column xsi:type="smallint" name="attributes" nullable="false"  />
        <constraint xsi:type="primary" referenceId="PRIMARY">
            <column name="id" />
        </constraint>
    </table>
</schema>

